Title,Artist,Blues,Classical,Country,Disco,HipHop,Jazz,Metal,Pop,Reggae,Rock,Time Classified
Rain,Unprocessed,3.0337200916180202e-09,0.013610001737147234,0.0001329991258837785,0.002544419839978218,4.790736316295153,2.9974214146646223,1.8927873301170496e-07,0.04215868336431096,92.15339917815133,2.0037160133348744e-10,2022-11-18 23:50:16.632478
